{
    "loss": 20.197227478027344,
    "accuracy": 0.4313725531101227
}