{
    "loss": 20.008527755737305,
    "accuracy": 0.5686274766921997
}